timestamp,ph,turb,temp,gas
2026-05-17T15:56:53.104Z,907,246,,468
2026-05-17T15:56:53.106Z,908.5,247,,468.5
2026-05-17T15:56:57.569Z,912.333,250.333,,469.333
2026-05-17T15:56:58.135Z,914.75,252,,469.75
2026-05-17T15:56:59.633Z,916.4,253.4,29.94,469.8
2026-05-17T15:57:00.633Z,919.4,256,29.97,470.2
2026-05-17T15:57:01.635Z,922,258.2,29.98,470.6
2026-05-17T15:57:02.637Z,922.8,258.8,29.97,470.8
2026-05-17T15:57:03.142Z,923.4,259.8,,470.8
2026-05-17T15:57:04.144Z,924,260.6,,471.2
2026-05-17T15:57:05.145Z,925,261.6,,471.4
2026-05-17T15:57:06.147Z,926,262.8,,471.8
2026-05-17T15:57:07.149Z,927.2,264,,472
2026-05-17T15:57:08.150Z,928,265,,472.2
2026-05-17T15:57:09.152Z,928.8,266,,472.4
2026-05-17T15:57:10.176Z,929.8,267,29.964,472.6
2026-05-17T15:57:11.652Z,930.4,267.8,29.964,472.6
2026-05-17T15:57:12.653Z,930.8,268.8,29.952,472.8
2026-05-17T15:57:13.159Z,931.4,269.8,,473.2
2026-05-17T15:57:14.160Z,932.2,270.6,,473.4
2026-05-17T15:57:15.161Z,932.4,271.4,,473.4
2026-05-17T15:57:16.162Z,933.6,273,,473.8
2026-05-17T15:57:17.165Z,934.8,274.4,,474.2
2026-05-17T15:57:18.166Z,936.2,275.8,,474.6
2026-05-17T15:57:19.665Z,937.2,277.2,29.94,475.2
2026-05-17T15:57:20.667Z,939,278.8,29.94,476.6
2026-05-17T15:57:21.667Z,940,279.8,29.952,477.6
2026-05-17T15:57:22.669Z,940.8,280.6,29.952,478.4
2026-05-17T15:57:23.671Z,941.6,281.4,29.952,479.6
2026-05-17T15:57:24.673Z,942.8,282.6,29.952,480.6
2026-05-17T15:57:25.511Z,943.2,283.4,,480.8
2026-05-17T15:57:26.243Z,943.2,283.8,,480.8
2026-05-17T15:57:27.182Z,943.6,284.4,,480.6
2026-05-17T15:57:28.183Z,943.4,284.8,,480
2026-05-17T15:57:29.185Z,942.6,284.8,,479.4
2026-05-17T15:57:30.186Z,941.8,284.8,,479.2
2026-05-17T15:57:31.188Z,942,285,,479
2026-05-17T15:57:32.189Z,942,285,,479
2026-05-17T15:57:33.191Z,942,285,,479
2026-05-17T15:57:34.192Z,942.2,285,,479
2026-05-17T15:57:35.194Z,942.6,285,,478.8
2026-05-17T15:57:36.196Z,942.4,285,,478.6
2026-05-17T15:57:37.197Z,942,284.8,,477.8
2026-05-17T15:57:38.199Z,941,284.2,,477
2026-05-17T15:57:39.200Z,940,283.8,,476
2026-05-17T15:57:40.203Z,939,283.2,,475.2
2026-05-17T15:57:41.204Z,938.2,282.6,,474.4
2026-05-17T15:57:42.702Z,937.2,282.4,29.938,474.2
2026-05-17T15:57:43.704Z,937.2,282.6,29.912,474
2026-05-17T15:57:44.705Z,937.2,282.6,29.912,474
2026-05-17T15:57:45.707Z,937.2,282.8,29.912,474
2026-05-17T15:57:46.709Z,937,283,29.912,474
2026-05-17T15:57:47.711Z,937,283,29.926,474
2026-05-17T15:57:48.711Z,937.2,283,29.926,474
2026-05-17T15:57:49.714Z,937.2,283.2,29.926,474
2026-05-17T15:57:50.715Z,937.6,283.2,29.912,474.2
2026-05-17T15:57:51.717Z,937.8,283.2,29.898,474.4
2026-05-17T15:57:52.719Z,937.8,283.2,29.884,474.8
2026-05-17T15:57:53.719Z,937.6,283.2,29.884,475.2
2026-05-17T15:57:54.721Z,937.8,282.6,29.87,475.6
2026-05-17T15:57:55.723Z,937.6,282,29.884,476
2026-05-17T15:57:56.725Z,938,281.2,29.884,476.2
2026-05-17T15:57:57.726Z,938.2,280.2,29.884,476
2026-05-17T15:57:58.232Z,938.4,279,,475.8
2026-05-17T15:57:59.730Z,938.2,278,29.884,475.6
2026-05-17T15:58:00.731Z,938.2,277,29.884,475.2
2026-05-17T15:58:01.734Z,937.6,276,29.884,475
2026-05-17T15:58:02.735Z,937.4,275.2,29.884,475
2026-05-17T15:58:03.736Z,937.2,274.6,29.898,475
2026-05-17T15:58:04.738Z,937.2,274,29.898,475
2026-05-17T15:58:05.739Z,937,273.6,29.898,475
2026-05-17T15:58:06.740Z,937,273.4,29.884,475
2026-05-17T15:58:07.743Z,937,273,29.884,475
2026-05-17T15:58:08.745Z,937,272.6,29.884,475
2026-05-17T15:58:09.746Z,937.2,272.4,29.884,475
2026-05-17T15:58:10.748Z,937.2,272.2,29.898,475
2026-05-17T15:58:11.253Z,937.2,271.8,,475
2026-05-17T15:58:12.751Z,937.4,271.6,29.898,475
2026-05-17T15:58:13.255Z,937.4,271.4,,474.8
2026-05-17T15:58:14.754Z,937.4,271,29.912,474.8
2026-05-17T15:58:15.260Z,937.6,270.6,,474.8
2026-05-17T15:58:16.283Z,937.8,270.4,29.912,474.6
2026-05-17T15:58:17.759Z,937.6,270.2,29.926,474.4
2026-05-17T15:58:18.760Z,938,270,29.926,474.4
2026-05-17T15:58:19.762Z,938,270,29.94,474.2
2026-05-17T15:58:20.534Z,938,269.8,,474
2026-05-17T15:58:21.269Z,938,269.6,,474
2026-05-17T15:58:22.293Z,938.2,269.4,29.94,474
2026-05-17T15:58:23.273Z,938,269.2,,474
2026-05-17T15:58:24.297Z,938,268.8,29.94,474
2026-05-17T15:58:25.276Z,938,268.6,,474
2026-05-17T15:58:26.278Z,938,268.4,,474
2026-05-17T15:58:27.278Z,938,268,,474
2026-05-17T15:58:28.777Z,938,267.6,29.94,474
2026-05-17T15:58:29.778Z,938,267.4,29.94,474
2026-05-17T15:58:30.781Z,938,267.2,29.94,474
2026-05-17T15:58:31.782Z,938,266.8,29.94,474
2026-05-17T15:58:32.783Z,938.2,266.4,29.94,474.2
2026-05-17T15:58:33.786Z,938.2,266,29.94,474.2
2026-05-17T15:58:34.786Z,938.2,265.6,29.94,474.2
2026-05-17T15:58:35.789Z,938.6,265.2,29.94,474.4
2026-05-17T15:58:36.790Z,938.6,264.8,29.94,474.6
2026-05-17T15:58:37.792Z,938.4,264.6,29.94,474.6
2026-05-17T15:58:38.296Z,938.4,264.4,,474.6
2026-05-17T15:58:39.795Z,938.4,264.2,29.94,474.6
2026-05-17T15:58:40.300Z,938,263.8,,474.4
2026-05-17T15:58:41.301Z,938.2,263.6,,474.4
2026-05-17T15:58:42.800Z,938.2,263.2,29.94,474.6
2026-05-17T15:58:43.801Z,938.2,262.8,29.94,475
2026-05-17T15:58:44.803Z,938.2,262.6,29.94,475.4
2026-05-17T15:58:45.804Z,938.2,262.6,29.94,475.8
2026-05-17T15:58:46.806Z,938,262.8,29.94,476
2026-05-17T15:58:47.808Z,938,263.2,29.926,476
2026-05-17T15:58:48.809Z,938,263.4,29.926,476
2026-05-17T15:58:49.811Z,938,263.6,29.926,476
2026-05-17T15:58:50.812Z,938.2,263.8,29.912,475.8
2026-05-17T15:58:51.815Z,938.4,263.8,29.912,475.4
2026-05-17T15:58:52.816Z,938.8,263.8,29.912,475.2
2026-05-17T15:58:53.818Z,939.2,264,29.898,475.2
2026-05-17T15:58:54.818Z,939.2,264.2,29.884,475.2
2026-05-17T15:58:55.821Z,939,264.6,29.884,475.4
2026-05-17T15:58:56.823Z,939,265,29.87,475.8
2026-05-17T15:58:57.824Z,938.8,265.4,29.87,476.2
2026-05-17T15:58:58.826Z,938.8,266,29.87,476.2
2026-05-17T15:58:59.827Z,938.8,266.4,29.87,476.4
2026-05-17T15:59:00.829Z,939.2,266.6,29.87,476.6
2026-05-17T15:59:01.830Z,939.2,266.8,29.87,476.8
2026-05-17T15:59:02.832Z,939.2,267,29.87,476.8
2026-05-17T15:59:03.834Z,939,267,29.87,477
2026-05-17T15:59:04.835Z,939.2,267.2,29.858,477
2026-05-17T15:59:05.838Z,939,267.4,29.846,477
2026-05-17T15:59:06.838Z,939,267.6,29.834,477
2026-05-17T15:59:07.841Z,938.8,267.8,29.822,478
2026-05-17T15:59:08.841Z,938.8,268,29.822,478.8
2026-05-17T15:59:09.844Z,938.8,268.2,29.822,479.8
2026-05-17T15:59:10.845Z,938.6,268.4,29.834,480.6
2026-05-17T15:59:11.847Z,938.6,268.6,29.834,481.4
2026-05-17T15:59:12.849Z,938.6,269,29.846,480.2
2026-05-17T15:59:13.851Z,938.8,269.4,29.846,479
2026-05-17T15:59:14.853Z,939,269.8,29.846,477.6
2026-05-17T15:59:15.854Z,939.2,270.2,29.846,476.4
2026-05-17T15:59:16.856Z,939.4,270.6,29.858,475.2
2026-05-17T15:59:17.729Z,939.8,271,,475.2
2026-05-17T15:59:18.859Z,939.8,271.4,29.858,475.2
2026-05-17T15:59:19.861Z,939.8,271.8,29.858,475.2
2026-05-17T15:59:20.862Z,940,272.4,29.87,475.4
2026-05-17T15:59:21.864Z,940,273,29.87,475.6
2026-05-17T15:59:22.663Z,940,273.6,,475.6
2026-05-17T15:59:23.867Z,940,274.4,29.87,475.8
2026-05-17T15:59:24.868Z,940,275,29.87,476
2026-05-17T15:59:25.870Z,940,275.4,29.858,476.4
2026-05-17T15:59:26.871Z,939.8,275.8,29.858,477.2
2026-05-17T15:59:27.873Z,939.6,276.2,29.858,477.6
2026-05-17T15:59:28.875Z,939.6,276.4,29.858,478
2026-05-17T15:59:29.877Z,939.6,276.8,29.858,478.2
2026-05-17T15:59:30.879Z,939.6,277.4,29.858,478.2
2026-05-17T15:59:31.879Z,939.8,278.2,29.858,477.8
2026-05-17T15:59:32.882Z,940.2,279,29.858,477.8
2026-05-17T15:59:33.883Z,940.6,279.8,29.858,478
2026-05-17T15:59:34.885Z,940.6,280.6,29.858,478.2
2026-05-17T15:59:35.887Z,940.6,281.4,29.87,478.4
2026-05-17T15:59:36.561Z,940.6,282.2,,478.6
2026-05-17T15:59:37.890Z,940.4,282.8,29.884,479
2026-05-17T15:59:38.891Z,940.2,283.6,29.884,478.8
2026-05-17T15:59:39.893Z,940.2,284.4,29.884,478.8
2026-05-17T15:59:40.894Z,940.2,285,29.872,478.8
2026-05-17T15:59:41.896Z,940.2,285.6,29.872,479
2026-05-17T15:59:42.898Z,940.4,286.4,29.858,479
2026-05-17T15:59:43.900Z,940.4,287.2,29.858,479
2026-05-17T15:59:44.902Z,940.8,287.8,29.858,478.8
2026-05-17T15:59:45.903Z,941.2,288.6,29.87,478.4
2026-05-17T15:59:46.904Z,941.4,289.4,29.87,477.8
2026-05-17T15:59:47.906Z,941.4,290,29.87,477.4
2026-05-17T15:59:48.907Z,941.4,290.4,29.858,477.2
2026-05-17T15:59:49.909Z,941.4,291,29.846,477.2
2026-05-17T15:59:50.911Z,941.2,291.6,29.846,477.2
2026-05-17T15:59:51.913Z,941.2,292.2,29.846,477.2
2026-05-17T15:59:52.914Z,941.2,293,29.846,477
2026-05-17T15:59:53.916Z,941.4,294,29.872,477
2026-05-17T15:59:54.917Z,941.2,295,29.884,477
2026-05-17T15:59:55.919Z,941.4,296,29.884,477
2026-05-17T15:59:56.920Z,941.6,297,29.884,477
2026-05-17T15:59:57.922Z,942,297.8,29.884,477
2026-05-17T15:59:58.427Z,942,298.6,,477.2
2026-05-17T15:59:59.429Z,942,299.4,,477.2
2026-05-17T16:00:00.453Z,941.8,300.2,29.87,477.4
2026-05-17T16:00:01.432Z,942,301,,477.6
2026-05-17T16:00:02.434Z,941.6,301.8,,477.6
2026-05-17T16:00:03.557Z,941.6,302.6,29.87,477.4
2026-05-17T16:00:04.933Z,941.8,303.4,29.884,477.6
2026-05-17T16:00:05.935Z,942.2,304.2,29.884,477.6
2026-05-17T16:00:06.937Z,942.2,305,29.884,477.6
2026-05-17T16:00:07.939Z,942.6,306,29.884,477.8
2026-05-17T16:00:08.940Z,942.6,307,29.884,478
2026-05-17T16:00:09.942Z,942.6,308,29.87,478
2026-05-17T16:00:10.943Z,942.4,309.2,29.87,478
2026-05-17T16:00:11.945Z,942.2,310.4,29.87,478
2026-05-17T16:00:12.947Z,942,311.6,29.87,478
2026-05-17T16:00:13.949Z,942.2,312.6,29.87,478
2026-05-17T16:00:14.949Z,942.4,313.4,29.87,478
2026-05-17T16:00:15.952Z,942.6,314,29.87,478
2026-05-17T16:00:16.954Z,943,314.6,29.87,478
2026-05-17T16:00:17.955Z,943.2,315.2,29.87,478
2026-05-17T16:00:18.957Z,943.2,316,29.87,478
2026-05-17T16:00:19.958Z,943.2,316.8,29.87,477.8
2026-05-17T16:00:20.960Z,943.2,317.6,29.87,478
2026-05-17T16:00:21.961Z,943.2,318.4,29.87,478.2
2026-05-17T16:00:22.963Z,943.4,319.2,29.87,478.2
2026-05-17T16:00:23.965Z,943.6,320,29.87,478.2
2026-05-17T16:00:24.966Z,943.6,321,29.87,478.4
2026-05-17T16:00:25.968Z,944,322,29.858,478.2
2026-05-17T16:00:26.473Z,944.2,323,,478
2026-05-17T16:00:27.475Z,944.2,324,,478
2026-05-17T16:00:28.974Z,944.2,325,29.858,478.2
2026-05-17T16:00:29.974Z,944.4,326.2,29.846,478.4
2026-05-17T16:00:30.976Z,944.2,327.4,29.846,478.6
2026-05-17T16:00:31.977Z,944,328.6,29.846,478.8
2026-05-17T16:00:32.980Z,944,329.8,29.858,479.8
2026-05-17T16:00:33.980Z,944,331,29.858,480.8
2026-05-17T16:00:34.983Z,943.8,332,29.87,481.6
2026-05-17T16:00:35.984Z,943.8,333,29.87,481.6
2026-05-17T16:00:36.986Z,943.8,334.2,29.858,481.8
2026-05-17T16:00:37.987Z,943.8,335.4,29.846,481.2
2026-05-17T16:00:38.989Z,943.8,336.6,29.834,480.6
2026-05-17T16:00:39.992Z,944,337.8,29.822,480.2
2026-05-17T16:00:40.992Z,944,338.8,29.822,480.6
2026-05-17T16:00:41.994Z,944,339.8,29.834,480.8
2026-05-17T16:00:42.830Z,943.8,339.8,,481
2026-05-17T16:00:43.997Z,944,340,29.834,481
2026-05-17T16:00:44.998Z,943.8,340.2,29.846,481
2026-05-17T16:00:46.000Z,943.8,340.8,29.858,481
2026-05-17T16:00:47.001Z,943.8,341.4,29.872,481
2026-05-17T16:00:47.746Z,944,343,,481.6
2026-05-17T16:00:48.509Z,943.8,344.6,,482.2
2026-05-17T16:00:49.510Z,944,346.2,,483
2026-05-17T16:00:50.513Z,944,347.6,,483.8
2026-05-17T16:00:51.581Z,944.2,348.8,,483.8
2026-05-17T16:00:52.516Z,944.8,349.6,,483.8
2026-05-17T16:00:53.517Z,944.8,350,,484
2026-05-17T16:00:55.015Z,944.8,350.4,29.872,484
2026-05-17T16:00:56.018Z,945,350.8,29.884,483.6
2026-05-17T16:00:57.019Z,945.4,351.4,29.884,484
2026-05-17T16:00:57.524Z,945.2,352.4,,483.6
2026-05-17T16:00:58.548Z,945.6,353.2,29.884,483
2026-05-17T16:01:00.024Z,946,353.8,29.858,482.8
2026-05-17T16:01:01.025Z,946.6,354.6,29.846,483
2026-05-17T16:01:02.027Z,946.6,355.2,29.846,483
2026-05-17T16:01:03.028Z,946.8,355.8,29.834,483.4
2026-05-17T16:01:04.030Z,947.2,356.8,29.822,483.8
2026-05-17T16:01:05.032Z,947.4,358,29.834,483.4
2026-05-17T16:01:06.033Z,947.2,358.8,29.834,483.2
2026-05-17T16:01:07.035Z,947.2,359.8,29.834,483.2
2026-05-17T16:01:08.037Z,947.6,360.6,29.834,483
2026-05-17T16:01:09.038Z,947.6,361.4,29.846,482.8
2026-05-17T16:01:10.039Z,947.6,362.2,29.834,483
2026-05-17T16:01:11.042Z,947.8,363.2,29.834,483
2026-05-17T16:01:12.044Z,948.4,364.2,29.834,483
2026-05-17T16:01:13.044Z,948,365.2,29.834,483
2026-05-17T16:01:14.047Z,948,366.2,29.822,483
2026-05-17T16:01:15.048Z,948.2,367,29.822,482.8
2026-05-17T16:01:16.050Z,948,367.6,29.834,482.6
2026-05-17T16:01:17.051Z,947.8,367.8,29.822,482.4
2026-05-17T16:01:18.053Z,948,368.2,29.834,482.2
2026-05-17T16:01:18.558Z,947.8,368.6,,482
2026-05-17T16:01:19.560Z,947.8,369.2,,482
2026-05-17T16:01:21.058Z,947.8,370.2,29.834,482
2026-05-17T16:01:22.313Z,950.6,371,,482.4
2026-05-17T16:01:23.422Z,952.4,372,,482.6
2026-05-17T16:01:24.530Z,954.4,373,,482.8
2026-05-17T16:01:25.637Z,956.2,373.4,,483
2026-05-17T16:01:26.745Z,958.2,373.6,,483.2
2026-05-17T16:01:27.852Z,957.2,374.2,,483
2026-05-17T16:01:28.961Z,957.2,374.6,,483
2026-05-17T16:01:30.068Z,957.2,375,,483
2026-05-17T16:01:31.176Z,957,376.2,,483
2026-05-17T16:01:32.284Z,957,377.2,,483
2026-05-17T16:01:33.392Z,956.6,378,,483
2026-05-17T16:01:34.501Z,956.4,378.8,,483
2026-05-17T16:01:35.610Z,956.2,379.8,,483
2026-05-17T16:01:36.719Z,956.2,382.2,,483
2026-05-17T16:01:37.828Z,956.2,386.4,,483
2026-05-17T16:01:38.936Z,956.2,391.4,,483
2026-05-17T16:01:40.045Z,956.2,397.2,,483
2026-05-17T16:01:41.153Z,956.4,405.4,,483
2026-05-17T16:01:42.261Z,956.4,413.4,,483
2026-05-17T16:01:43.368Z,956.2,420.6,,483
2026-05-17T16:01:44.476Z,956.2,427.8,,483
2026-05-17T16:01:45.584Z,956.2,434.4,,483
2026-05-17T16:01:46.691Z,956,438.4,,483
2026-05-17T16:01:47.800Z,956,441.4,,483
2026-05-17T16:01:48.907Z,956,443.4,,483
2026-05-17T16:01:50.016Z,956.2,444.8,,483
2026-05-17T16:01:51.125Z,956.2,446.2,,483.2
2026-05-17T16:01:52.234Z,956.2,447.6,,483.4
2026-05-17T16:01:53.343Z,956.2,448.4,,483.4
2026-05-17T16:01:54.452Z,956.2,449.4,,483.4
2026-05-17T16:01:55.561Z,956.2,450.2,,483.4
2026-05-17T16:01:56.669Z,956.2,450.8,,483.2
2026-05-17T16:01:57.777Z,956.2,451.2,,483
2026-05-17T16:01:58.885Z,956.2,451.8,,483
2026-05-17T16:01:59.992Z,956.2,452.2,,483
2026-05-17T16:02:01.100Z,956,452.6,,483
2026-05-17T16:02:02.207Z,956.2,452.8,,483
2026-05-17T16:02:03.315Z,956.2,453.2,,482.8
2026-05-17T16:02:04.423Z,956.2,453.4,,482.6
2026-05-17T16:02:05.532Z,956.2,453.8,,482.4
2026-05-17T16:02:06.641Z,956.2,454.2,,482.2
2026-05-17T16:02:07.749Z,956,454.6,,481.8
2026-05-17T16:02:08.858Z,956.2,454.6,,481.6
2026-05-17T16:02:09.967Z,956.6,454.6,,481.4
2026-05-17T16:02:11.076Z,956.8,454.2,,481.2
2026-05-17T16:02:12.184Z,957,453.8,,481.2
2026-05-17T16:02:13.293Z,957,453.4,,481.4
2026-05-17T16:02:14.401Z,957,453.2,,482.2
2026-05-17T16:02:15.509Z,956.6,453,,483
2026-05-17T16:02:16.616Z,956.4,453.2,,483.6
2026-05-17T16:02:17.724Z,956.2,453.4,,483.8
2026-05-17T16:02:18.832Z,956.2,454,,484.4
2026-05-17T16:02:19.940Z,956.2,454.4,,484.4
2026-05-17T16:02:21.047Z,956.4,454.8,,484.4
2026-05-17T16:02:22.156Z,956.6,455,,484.6
2026-05-17T16:02:23.265Z,956.6,455.2,,484.8
2026-05-17T16:02:24.374Z,956.8,455,,484.6
2026-05-17T16:02:25.483Z,956.8,455.4,,485
2026-05-17T16:02:26.592Z,957,455.6,,485.4
2026-05-17T16:02:27.700Z,956.8,455.8,,485.6
2026-05-17T16:02:28.809Z,957,456,,486.4
2026-05-17T16:02:29.917Z,957.2,456.4,,487.2
2026-05-17T16:02:31.025Z,957,456.2,,487.4
2026-05-17T16:02:32.132Z,956.4,456.2,,487.6
2026-05-17T16:02:33.239Z,956.6,456.2,,488
2026-05-17T16:02:34.347Z,956.2,456.2,,488
2026-05-17T16:02:35.456Z,955.6,456.2,,488
2026-05-17T16:02:36.564Z,955.6,456.4,,488.2
2026-05-17T16:02:37.671Z,955.4,456.6,,488.2
2026-05-17T16:02:38.779Z,955.2,456.6,,487.8
2026-05-17T16:02:39.888Z,955.2,456.6,,487.2
2026-05-17T16:02:40.997Z,955.2,456.4,,486.6
2026-05-17T16:02:42.106Z,955,456.2,,486
2026-05-17T16:02:43.215Z,955.2,456.2,,486
2026-05-17T16:02:44.323Z,954.8,456.2,,486.4
2026-05-17T16:02:45.433Z,954.6,456.2,,487
2026-05-17T16:02:46.540Z,954.6,456.4,,487.2
2026-05-17T16:02:47.647Z,954.6,456.2,,486.6
2026-05-17T16:02:48.755Z,954.6,455.8,,486
2026-05-17T16:02:49.863Z,954.8,455.8,,485.4
2026-05-17T16:02:50.971Z,955,455.8,,484.8
2026-05-17T16:02:52.079Z,955,455.6,,485.4
2026-05-17T16:02:53.186Z,955,456,,486.4
2026-05-17T16:02:54.295Z,954.8,456.2,,486.8
2026-05-17T16:02:55.404Z,954.8,456.4,,487.4
2026-05-17T16:02:56.513Z,955.2,456.6,,488.2
2026-05-17T16:02:57.622Z,955,456.8,,487.8
2026-05-17T16:02:58.730Z,955,457,,487.8
2026-05-17T16:02:59.839Z,955.2,457.8,,487.6
2026-05-17T16:03:00.947Z,955.2,458.4,,487.2
2026-05-17T16:03:02.057Z,954.8,459.2,,486.6
2026-05-17T16:03:03.165Z,955,459.8,,486.6
2026-05-17T16:03:04.272Z,955,460.2,,486.2
2026-05-17T16:03:05.380Z,955.2,460.2,,486.2
2026-05-17T16:03:06.488Z,955.6,460.2,,486.4
2026-05-17T16:03:07.595Z,955.8,460,,486.6
2026-05-17T16:03:08.703Z,956,459.8,,486.8
2026-05-17T16:03:09.811Z,956.4,459.6,,487.6
2026-05-17T16:03:10.919Z,956.2,459.4,,487.6
2026-05-17T16:03:12.028Z,956,459.4,,487.4
2026-05-17T16:03:13.137Z,956,459.4,,487.2
2026-05-17T16:03:14.246Z,956,459.6,,486.8
2026-05-17T16:03:15.355Z,956,459.6,,486.2
2026-05-17T16:03:16.464Z,956.2,459.2,,486.4
2026-05-17T16:03:17.572Z,956.2,458.6,,486.4
2026-05-17T16:03:18.681Z,956.2,457.8,,486.4
2026-05-17T16:03:19.788Z,956.2,456.8,,486.6
2026-05-17T16:03:20.896Z,957.4,456.2,,486.6
2026-05-17T16:03:22.004Z,958.8,456.2,,486.8
2026-05-17T16:03:23.112Z,959.8,456.2,,487.2
2026-05-17T16:03:24.220Z,960.8,456.4,,487.6
2026-05-17T16:03:25.327Z,961.8,456.6,,487.8
2026-05-17T16:03:26.435Z,961.6,456.6,,488
2026-05-17T16:03:27.544Z,961,456.2,,488
2026-05-17T16:03:28.652Z,960.8,456,,487.8
2026-05-17T16:03:29.761Z,960.8,455.6,,487.8
2026-05-17T16:03:30.870Z,960.6,455.2,,487.8
2026-05-17T16:03:31.978Z,960.4,455,,487.8
2026-05-17T16:03:33.087Z,960.6,455,,488
2026-05-17T16:03:34.197Z,960.6,455,,488.2
2026-05-17T16:03:35.304Z,960.4,455.2,,488.2
2026-05-17T16:03:36.412Z,960.4,455.4,,488.2
2026-05-17T16:03:37.520Z,960,455.4,,488
2026-05-17T16:03:38.628Z,959.4,455.4,,487.8
2026-05-17T16:03:39.735Z,959.2,455.2,,487.8
2026-05-17T16:03:40.843Z,959,455,,487.8
2026-05-17T16:03:41.950Z,958.8,455.2,,487.6
2026-05-17T16:03:43.058Z,958.6,455.4,,487.6
2026-05-17T16:03:44.167Z,958.6,455.6,,487.4
2026-05-17T16:03:45.275Z,958.2,455.8,,487.4
2026-05-17T16:03:46.385Z,957.8,455.6,,487.4
2026-05-17T16:03:47.493Z,957.4,455.2,,487.6
2026-05-17T16:03:48.602Z,957.2,454.8,,488
2026-05-17T16:03:49.711Z,957.6,454.4,,488.2
2026-05-17T16:03:50.820Z,958,454.2,,488.2
2026-05-17T16:03:51.928Z,958.4,454.4,,488.2
2026-05-17T16:03:53.035Z,958.8,454.8,,488.2
2026-05-17T16:03:54.143Z,959.2,455,,488
2026-05-17T16:03:55.250Z,959.2,455.2,,488
2026-05-17T16:03:56.358Z,959.2,455.4,,488
2026-05-17T16:03:57.466Z,959.2,455.8,,488
2026-05-17T16:03:58.574Z,959.4,455.8,,488
2026-05-17T16:03:59.683Z,959.2,456,,488.2
2026-05-17T16:04:00.791Z,958.8,456.4,,488.2
2026-05-17T16:04:01.900Z,958.6,456.4,,488
2026-05-17T16:04:03.009Z,958.4,456.4,,487.6
2026-05-17T16:04:04.117Z,958.2,456.8,,487.4
2026-05-17T16:04:05.226Z,958.4,457.2,,486.6
2026-05-17T16:04:06.336Z,958.8,457.4,,486
2026-05-17T16:04:07.444Z,958.8,458.2,,485.6
2026-05-17T16:04:08.552Z,958.8,459,,485.2
2026-05-17T16:04:09.659Z,958.4,459.4,,484.8
2026-05-17T16:04:10.767Z,958.2,459.8,,484.8
2026-05-17T16:04:11.875Z,957.6,460.2,,484.8
2026-05-17T16:04:12.983Z,957.4,460.6,,485.2
2026-05-17T16:04:14.091Z,957.4,461,,485.6
2026-05-17T16:04:15.198Z,957.8,461.6,,485.8
2026-05-17T16:04:16.307Z,957.6,462.2,,486
2026-05-17T16:04:17.416Z,957.8,463,,486.4
2026-05-17T16:04:18.524Z,958.2,463.4,,486.4
2026-05-17T16:04:19.633Z,958.2,463.6,,486.6
